Model,Accuracy
RFC,0.3333333333333333
XGBoost,0.6666666666666666
LR,1.0
